exp,unixtime,iso_time,score,status,best_so_far,family
1,1785167668,2026-07-27T11:54:28-0400,1.368684,kept,1.368684,equivariant_mpnn_cellcoord
2,1785167876,2026-07-27T11:57:56-0400,1.390561,kept,1.390561,equivariant_mpnn_cellcoord
3,1785168146,2026-07-27T12:02:26-0400,1.000000,exploring,1.390561,equivariant_mpnn_cellcoord
4,1785168352,2026-07-27T12:05:52-0400,1.367298,exploring,1.390561,equivariant_mpnn_cellcoord
5,1785168736,2026-07-27T12:12:16-0400,1.382542,reverted,1.390561,equivariant_mpnn_cellcoord
6,1785169037,2026-07-27T12:17:17-0400,1.000000,exploring,1.390561,equivariant_mpnn_cellcoord
7,1785169366,2026-07-27T12:22:46-0400,1.389091,exploring,1.390561,equivariant_mpnn_cellcoord
8,1785169723,2026-07-27T12:28:43-0400,1.404952,kept,1.404952,equivariant_mpnn_cellcoord
9,1785170055,2026-07-27T12:34:15-0400,1.406450,kept,1.406450,equivariant_mpnn_cellcoord
10,1785170261,2026-07-27T12:37:41-0400,1.406450,reverted,1.406450,equivariant_mpnn_cellcoord
11,1785170391,2026-07-27T12:39:51-0400,1.406450,exploring,1.406450,equivariant_mpnn_cellcoord
12,1785174123,2026-07-27T13:42:03-0400,1.406450,exploring,1.406450,equivariant_mpnn_cellcoord
13,1785174685,2026-07-27T13:51:25-0400,1.410449,kept,1.410449,equivariant_mpnn_cellcoord
14,1785175118,2026-07-27T13:58:38-0400,1.396582,exploring,1.410449,equivariant_mpnn_cellcoord
15,1785175479,2026-07-27T14:04:39-0400,1.419842,kept,1.419842,equivariant_mpnn_cellcoord
16,1785175721,2026-07-27T14:08:41-0400,1.392901,reverted,1.419842,equivariant_mpnn_cellcoord
17,1785176050,2026-07-27T14:14:10-0400,1.419670,exploring,1.419842,equivariant_mpnn_cellcoord
18,1785176515,2026-07-27T14:21:55-0400,1.412625,exploring,1.419842,equivariant_mpnn_cellcoord
19,1785177059,2026-07-27T14:30:59-0400,1.434843,kept,1.434843,equivariant_mpnn_cellcoord
20,1785177538,2026-07-27T14:38:58-0400,1.423540,exploring,1.434843,equivariant_mpnn_cellcoord
21,1785178272,2026-07-27T14:51:12-0400,1.429086,reverted,1.434843,equivariant_mpnn_cellcoord
22,1785178771,2026-07-27T14:59:31-0400,1.434775,exploring,1.434843,equivariant_mpnn_cellcoord
23,1785179464,2026-07-27T15:11:04-0400,1.435520,kept,1.435520,qft_distill_mpnn
24,1785180115,2026-07-27T15:21:55-0400,1.438568,kept,1.438568,qft_distill_mpnn
25,1785180886,2026-07-27T15:34:46-0400,1.367769,exploring,1.438568,qft_distill_mpnn
26,1785181652,2026-07-27T15:47:32-0400,1.392161,exploring,1.438568,qft_distill_mpnn
27,1785182417,2026-07-27T16:00:17-0400,1.445498,kept,1.445498,qft_distill_mpnn
28,1785183099,2026-07-27T16:11:39-0400,1.454611,kept,1.454611,qft_distill_mpnn
29,1785184015,2026-07-27T16:26:55-0400,1.457018,kept,1.457018,qft_distill_mpnn
30,1785184834,2026-07-27T16:40:34-0400,1.456571,reverted,1.457018,qft_distill_mpnn
31,1785185814,2026-07-27T16:56:54-0400,1.465621,kept,1.465621,sinr_profile_head
32,1785186876,2026-07-27T17:14:36-0400,1.465621,exploring,1.465621,sinr_profile_head
33,1785187963,2026-07-27T17:32:43-0400,1.465314,exploring,1.465621,sinr_profile_head
34,1785188897,2026-07-27T17:48:17-0400,1.462680,exploring,1.465621,sinr_profile_head
35,1785189649,2026-07-27T18:00:49-0400,1.462680,reverted,1.465621,sinr_profile_head
36,1785190134,2026-07-27T18:08:54-0400,1.465621,exploring,1.465621,sinr_profile_head
37,1785194176,2026-07-27T19:16:16-0400,1.465621,exploring,1.465621,sinr_profile_head
38,1785195251,2026-07-27T19:34:11-0400,1.465621,exploring,1.465621,sinr_profile_head
39,1785196427,2026-07-27T19:53:47-0400,1.462357,exploring,1.465621,sinr_profile_head
40,1785198510,2026-07-27T20:28:30-0400,1.464957,reverted,1.465621,sinr_profile_head
41,1785199885,2026-07-27T20:51:25-0400,1.470978,kept,1.470978,interference_attention
42,1785200837,2026-07-27T21:07:17-0400,1.472451,kept,1.472451,interference_attention
43,1785202068,2026-07-27T21:27:48-0400,1.470230,exploring,1.472451,interference_attention
44,1785202671,2026-07-27T21:37:51-0400,,failed,1.472451,unknown
45,1785207614,2026-07-27T23:00:14-0400,1.473854,kept,1.473854,interference_attention
46,1785208692,2026-07-27T23:18:12-0400,1.472190,reverted,1.473854,interference_attention
47,1785210076,2026-07-27T23:41:16-0400,1.469928,exploring,1.473854,interference_attention
48,1785210680,2026-07-27T23:51:20-0400,,failed,1.473854,unknown
49,1785211921,2026-07-28T00:12:01-0400,1.473999,kept,1.473999,interference_attention
50,1785213125,2026-07-28T00:32:05-0400,1.472412,exploring,1.473999,interference_attention
51,1785214389,2026-07-28T00:53:09-0400,1.474295,kept,1.474295,interference_attention
52,1785215538,2026-07-28T01:12:18-0400,1.475555,kept,1.475555,interference_attention
53,1785216699,2026-07-28T01:31:39-0400,1.475226,reverted,1.475555,interference_attention
54,1785217858,2026-07-28T01:50:58-0400,1.468470,exploring,1.475555,interference_attention
55,1785219196,2026-07-28T02:13:16-0400,1.475018,exploring,1.475555,interference_attention
56,1785219801,2026-07-28T02:23:21-0400,,failed,1.475555,unknown
57,1785221290,2026-07-28T02:48:10-0400,1.474677,exploring,1.475555,interference_attention
58,1785222797,2026-07-28T03:13:17-0400,1.474677,exploring,1.475555,interference_attention
59,1785224167,2026-07-28T03:36:07-0400,1.475469,reverted,1.475555,interference_attention
60,1785225478,2026-07-28T03:57:58-0400,1.475430,exploring,1.475555,interference_attention
61,1785227368,2026-07-28T04:29:28-0400,1.474870,exploring,1.475555,interference_attention
62,1785228685,2026-07-28T04:51:25-0400,1.474870,exploring,1.475555,interference_attention
63,1785230141,2026-07-28T05:15:41-0400,1.474870,exploring,1.475555,interference_attention
64,1785231452,2026-07-28T05:37:32-0400,1.465240,reverted,1.475555,interference_attention
65,1785232955,2026-07-28T06:02:35-0400,1.463448,exploring,1.475555,interference_attention
66,1785234070,2026-07-28T06:21:10-0400,1.463448,exploring,1.475555,interference_attention
67,1785238780,2026-07-28T07:39:40-0400,1.463448,exploring,1.475555,interference_attention
68,1785239937,2026-07-28T07:58:57-0400,1.475555,exploring,1.475555,interference_attention
69,1785240747,2026-07-28T08:12:27-0400,1.476460,kept,1.476460,interference_attention
70,1785241539,2026-07-28T08:25:39-0400,1.475999,reverted,1.476460,interference_attention
71,1785242680,2026-07-28T08:44:40-0400,1.471688,exploring,1.476460,search_improvement
72,1785243598,2026-07-28T08:59:58-0400,1.472085,exploring,1.476460,search_improvement
73,1785244200,2026-07-28T09:10:00-0400,,failed,1.476460,unknown
74,1785245392,2026-07-28T09:29:52-0400,1.476142,exploring,1.476460,cut_straight_through
75,1785250146,2026-07-28T10:49:06-0400,1.476142,exploring,1.476460,cut_straight_through
76,1785251063,2026-07-28T11:04:23-0400,1.476050,exploring,1.476460,cut_straight_through
77,1785252256,2026-07-28T11:24:16-0400,1.473660,exploring,1.476460,cut_straight_through
78,1785253474,2026-07-28T11:44:34-0400,1.476007,exploring,1.476460,interference_attention
79,1785261071,2026-07-28T13:51:11-0400,1.476529,kept,1.476529,interference_attention
80,1785262309,2026-07-28T14:11:49-0400,1.476871,kept,1.476871,interference_attention
81,1785263719,2026-07-28T14:35:19-0400,1.477473,kept,1.477473,interference_attention
82,1785265189,2026-07-28T14:59:49-0400,1.477473,reverted,1.477473,interference_attention
83,1785266321,2026-07-28T15:18:41-0400,1.477360,exploring,1.477473,interference_attention
84,1785267717,2026-07-28T15:41:57-0400,1.477360,exploring,1.477473,interference_attention
85,1785268335,2026-07-28T15:52:15-0400,,failed,1.477473,unknown
86,1785273303,2026-07-28T17:15:03-0400,1.477057,exploring,1.477473,interference_attention
87,1785274679,2026-07-28T17:37:59-0400,1.476398,exploring,1.477473,interference_attention
88,1785276087,2026-07-28T18:01:27-0400,1.476398,reverted,1.477473,interference_attention
1,1785280225,2026-07-28T19:10:25-0400,1.477473,exploring,1.477473,interference_attention
2,1785281646,2026-07-28T19:34:06-0400,1.477473,exploring,1.477473,interference_attention
3,1785282816,2026-07-28T19:53:36-0400,1.477360,exploring,1.477473,interference_attention
4,1785284220,2026-07-28T20:17:00-0400,1.476955,exploring,1.477473,interference_attention
5,1785285641,2026-07-28T20:40:41-0400,1.476955,reverted,1.477473,interference_attention
6,1785290611,2026-07-28T22:03:31-0400,1.477473,exploring,1.477473,interference_attention
7,1785291974,2026-07-28T22:26:14-0400,1.477473,exploring,1.477473,interference_attention
8,1785293329,2026-07-28T22:48:49-0400,1.477648,kept,1.477648,interference_attention
9,1785294968,2026-07-28T23:16:09-0400,1.477143,exploring,1.477648,interference_attention
10,1785296633,2026-07-28T23:43:53-0400,1.477143,reverted,1.477648,interference_attention
11,1785297250,2026-07-28T23:54:10-0400,,failed,1.477648,unknown
12,1785298890,2026-07-29T00:21:30-0400,1.478613,kept,1.478613,interference_attention
13,1785300226,2026-07-29T00:43:46-0400,1.478752,kept,1.478752,interference_attention
14,1785301826,2026-07-29T01:10:26-0400,1.478415,exploring,1.478752,interference_attention
15,1785303496,2026-07-29T01:38:16-0400,1.478752,exploring,1.478752,interference_attention
16,1785305141,2026-07-29T02:05:41-0400,1.478752,reverted,1.478752,interference_attention
17,1785306700,2026-07-29T02:31:40-0400,1.478667,exploring,1.478752,interference_attention
18,1785308370,2026-07-29T02:59:30-0400,1.478630,exploring,1.478752,interference_attention
19,1785310018,2026-07-29T03:26:58-0400,1.478749,exploring,1.478752,interference_attention
